Usuario,FechaInicio,FechaVencimiento
jmora8tg,15/11/2024,15/12/2024
jmoralyb8,01/01/2025,01/02/2025
jramirezuig,23/12/2024,23/01/2025
amartinez765,10/08/2024,10/09/2024
calvaradoyyf,14/05/2024,14/06/2024
mjimenez87r6,12/06/2024,12/07/2024
jperezi7,03/04/2024,03/05/2024
lrodriguezyr,27/03/2024,27/04/2024
lsanchez786,17/09/2024,17/10/2024
mquesadayr5,10/05/2024,10/06/2024
rvargas2,06/12/2024,06/01/2025
lcamposx,02/02/2024,02/03/2024
mrojasd,28/08/2024,28/09/2024
dpinedag,07/03/2024,07/04/2024
dfernandezt,01/04/2024,01/05/2024
ghernandezd,24/11/2024,24/12/2024
cbarqueroe,30/01/2024,30/02/2024
pvillalobosf,05/07/2024,05/08/2024
jguzman2,21/06/2024,21/07/2024
ssalazar4,09/08/2024,09/09/2024
rurena4,19/04/2024,19/05/2024
icastro5,11/05/2024,11/06/2024
fmoralese,18/02/2024,18/03/2024
gacosta3,15/06/2024,15/07/2024
icastro8,23/09/2024,23/10/2024
mmendez87,03/08/2024,03/09/2024
galvarez4,10/04/2024,10/05/2024
ecastillo86,11/01/2024,11/02/2024
jmoraed,04/07/2024,04/08/2024
jmora33,11/09/2024,11/10/2024
jramirez33,15/10/2024,15/11/2024
amartinez35,09/03/2024,09/04/2024
calvarado55,21/05/2024,21/06/2024
mjimenez77,13/07/2024,13/08/2024
jperez67,18/06/2024,18/07/2024
lrodriguezy6e,17/12/2024,17/01/2025
lsanchez76e,20/09/2024,20/10/2024
mquesada86,26/04/2024,26/05/2024
rvargas6er,13/02/2024,13/03/2024
lcampos545,06/10/2024,06/11/2024
mrojas7554,15/11/2024,15/12/2024
dpineday67,14/03/2024,14/04/2024
dfernandezuyr,25/02/2024,25/03/2024
ghernandezyd,17/07/2024,17/08/2024
cbarquero35,22/12/2024,22/01/2025
pvillalobos76,02/04/2024,02/05/2024
jguzmanyr,23/01/2024,23/02/2024
ssalazaru6,28/08/2024,28/09/2024
rurena8r,19/05/2024,19/06/2024
icastro7r,03/07/2024,03/08/2024
fmoralest4,25/10/2024,25/11/2024
gacosta7g,12/12/2024,12/01/2025
icastro87,30/04/2024,30/05/2024
mmendez33,09/05/2024,09/06/2024
galvarezee,22/07/2024,22/08/2024
ecastillo33,15/06/2024,15/07/2024
asolis76,04/11/2024,04/12/2024
flopezjgu,06/06/2024,06/07/2024
nvargas865,30/07/2024,30/08/2024
smora65,11/01/2025,11/02/2025
crojas36,20/03/2024,20/04/2024
lajimenez65,22/08/2024,22/09/2024
mfernandez87,01/06/2024,01/07/2024
apineda76,13/02/2024,13/03/2024
fquesadat5,29/10/2024,29/11/2024
rjimenez56,05/04/2024,05/05/2024
pcastro76,12/09/2024,12/10/2024
dmora45,25/05/2024,25/06/2024
msolanodr,19/02/2024,19/03/2024
vramirez45,14/07/2024,14/08/2024
sacosta4r,11/03/2024,11/04/2024
isalas3,04/12/2024,04/01/2025
rgonzaleze,17/01/2024,17/02/2024
elopez34,13/05/2024,13/06/2024
cmonge56,29/06/2024,29/07/2024
jsolis4,22/04/2024,22/05/2024
acamposf5,18/12/2024,18/01/2025
sfernandez33,05/11/2024,05/12/2024
jsalazar78,30/06/2024,30/07/2024
lalvarez465,08/08/2024,08/09/2024
dmoradf4,14/04/2024,14/05/2024
msanchez64,07/12/2024,07/01/2025
avargas34,21/10/2024,21/11/2024
gsotodf,06/02/2024,06/03/2024
cjimenez45,26/09/2024,26/10/2024
spinedaxe,15/08/2024,15/09/2024
frojasfg,03/04/2024,03/05/2024
vsolano455,01/05/2024,01/06/2024
evargas45,22/11/2024,22/12/2024
mlopez12,02/03/2024,02/04/2024
omora45,25/06/2024,25/07/2024
lsalas34,07/08/2024,07/09/2024
hgonzalez4,12/05/2024,12/06/2024
tjimenezr,18/12/2024,18/01/2025
rchacon3,23/09/2024,23/10/2024
